{
  "status": "complete",
  "target_level": "L1 scaffold",
  "decision": "rejected",
  "last_loss": 0.5248516798019409,
  "train_metrics": {
    "cases": 4096,
    "ablation": "none",
    "depth0_final_exact": 0.011962890625,
    "depth0_prefix_exact": 1.0,
    "depth1_final_exact": 0.012451171875,
    "depth1_prefix_exact": 0.993408203125,
    "depth2_final_exact": 0.01171875,
    "depth2_prefix_exact": 0.921630859375,
    "depth4_final_exact": 0.025390625,
    "depth4_prefix_exact": 0.847412109375,
    "depth8_final_exact": 0.630615234375,
    "depth8_prefix_exact": 0.630615234375
  },
  "eval_metrics": {
    "cases": 512,
    "ablation": "none",
    "depth0_final_exact": 0.005859375,
    "depth0_prefix_exact": 1.0,
    "depth1_final_exact": 0.005859375,
    "depth1_prefix_exact": 0.978515625,
    "depth2_final_exact": 0.015625,
    "depth2_prefix_exact": 0.65625,
    "depth4_final_exact": 0.0234375,
    "depth4_prefix_exact": 0.32421875,
    "depth8_final_exact": 0.08203125,
    "depth8_prefix_exact": 0.08203125
  },
  "ablations": {
    "state_reset": {
      "cases": 512,
      "ablation": "state_reset",
      "depth0_final_exact": 0.005859375,
      "depth0_prefix_exact": 1.0,
      "depth1_final_exact": 0.005859375,
      "depth1_prefix_exact": 0.978515625,
      "depth2_final_exact": 0.009765625,
      "depth2_prefix_exact": 0.001953125,
      "depth4_final_exact": 0.009765625,
      "depth4_prefix_exact": 0.001953125,
      "depth8_final_exact": 0.005859375,
      "depth8_prefix_exact": 0.005859375
    },
    "op_zero": {
      "cases": 512,
      "ablation": "op_zero",
      "depth0_final_exact": 0.005859375,
      "depth0_prefix_exact": 1.0,
      "depth1_final_exact": 0.0078125,
      "depth1_prefix_exact": 0.125,
      "depth2_final_exact": 0.0078125,
      "depth2_prefix_exact": 0.044921875,
      "depth4_final_exact": 0.001953125,
      "depth4_prefix_exact": 0.017578125,
      "depth8_final_exact": 0.00390625,
      "depth8_prefix_exact": 0.00390625
    },
    "op_shuffle": {
      "cases": 512,
      "ablation": "op_shuffle",
      "depth0_final_exact": 0.005859375,
      "depth0_prefix_exact": 1.0,
      "depth1_final_exact": 0.001953125,
      "depth1_prefix_exact": 0.22265625,
      "depth2_final_exact": 0.0078125,
      "depth2_prefix_exact": 0.080078125,
      "depth4_final_exact": 0.005859375,
      "depth4_prefix_exact": 0.029296875,
      "depth8_final_exact": 0.03125,
      "depth8_prefix_exact": 0.03125
    }
  },
  "checkpoint": "local_eval/donorless_recurrent_depth_probe_s1200/last.pt"
}
