{
  "input_source": "token_embedding",
  "train_rows": 1536,
  "eval_rows": 128,
  "best_exact_acc": 0.046875,
  "reports": [
    {
      "rows": 128.0,
      "loss": 6.959926128387451,
      "exact_acc": 0.0,
      "scalar_coeff_acc": 0.4296875,
      "scalar_offset_acc": 0.1953125,
      "scalar_residual_acc": 0.03125,
      "step": 80
    },
    {
      "rows": 128.0,
      "loss": 6.642310976982117,
      "exact_acc": 0.015625,
      "scalar_coeff_acc": 0.53125,
      "scalar_offset_acc": 0.515625,
      "scalar_residual_acc": 0.0703125,
      "step": 160
    },
    {
      "rows": 128.0,
      "loss": 6.451732277870178,
      "exact_acc": 0.046875,
      "scalar_coeff_acc": 0.640625,
      "scalar_offset_acc": 0.390625,
      "scalar_residual_acc": 0.1328125,
      "step": 240
    }
  ]
}