{
  "input_source": "token_embedding",
  "binder_kind": "transformer",
  "train_rows": 3072,
  "eval_rows": 128,
  "best_exact_acc": 0.3984375,
  "reports": [
    {
      "rows": 128.0,
      "loss": 6.445360422134399,
      "exact_acc": 0.3984375,
      "scalar_coeff_acc": 0.7890625,
      "scalar_offset_acc": 0.5234375,
      "scalar_residual_acc": 0.515625,
      "step": 200
    },
    {
      "rows": 128.0,
      "loss": 7.285313606262207,
      "exact_acc": 0.3984375,
      "scalar_coeff_acc": 0.7578125,
      "scalar_offset_acc": 0.5234375,
      "scalar_residual_acc": 0.515625,
      "step": 400
    },
    {
      "rows": 128.0,
      "loss": 7.728297472000122,
      "exact_acc": 0.3984375,
      "scalar_coeff_acc": 0.75,
      "scalar_offset_acc": 0.5234375,
      "scalar_residual_acc": 0.515625,
      "step": 600
    },
    {
      "rows": 128.0,
      "loss": 8.022671699523926,
      "exact_acc": 0.3984375,
      "scalar_coeff_acc": 0.75,
      "scalar_offset_acc": 0.5234375,
      "scalar_residual_acc": 0.515625,
      "step": 800
    }
  ]
}